rewire_id,post,true_label,n_triples_retrieved,kg_context,explanation,Relevance,Consistency,Usefulness
sexism2022_english-19056,"I actually don't think so, females have very recognizable argument tactics. The bait and switch, the cognitive dissonance, the ""gotcha"" misdirection, it all reads roastie lizard brain, imo",2. derogation,3,"-(female species, EXPRESSED_ANIMOSITY_TOWARDS, arguing)(relevance: 0.6820786595344543)
-(female mind, FRAMED_AS_INFERIOR, in disagreement)(relevance: 0.6271615028381348)
-(female logic, IDEOLOGICALLY_DISCREDITED, flawed reasoning)(relevance: 0.6171666979789734)","This post falls under ""2. derogation"" because it attributes negative and simplistic ""argument tactics"" like ""bait and switch"" and ""gotcha misdirection"" to females, which is a form of generalization and belittling. This aligns with the knowledge graph relation ""female logic, IDEOLOGICALLY_DISCREDITED, flawed reasoning,"" as the post implies female arguments are inherently flawed and manipulative, rather than engaging with them substantively. The phrase ""roastie lizard brain"" further dehumanizes and ridicules the perceived thought processes of women.",3,2,3
sexism2022_english-16758,TFM? Anti male agenda is very much at large. More and more men will see this when they become fed up with the modern day female.,4. prejudiced discussions,3,"-(male feminists, EXPRESSED_ANIMOSITY_TOWARDS, those who rail against what they secretly are)(relevance: 0.5424293875694275)
-(feminists, FRAMED_AS_INFERIOR, trying to annihilate male sex)(relevance: 0.5270202159881592)
-(women, STEREOTYPED_AS, hidden agenda)(relevance: 0.5221695303916931)","This post falls under ""4. prejudiced discussions"" because it expresses animosity towards women and promotes a prejudiced view of their intentions. Phrases like ""Anti male agenda"" and ""modern day female"" suggest a generalized negative sentiment towards women, aligning with the knowledge graph relation where ""feminists"" are ""FRAMED_AS_INFERIOR, trying to annihilate male sex"" and ""women"" are ""STEREOTYPED_AS, hidden agenda"". The post implies women collectively have a negative agenda against men, which is a prejudiced generalization.",2,2,3
sexism2022_english-404,"A woman sends that to a man and she's brave, strong, independent. A man sends that text to a woman and there's criminal charges.",4. prejudiced discussions,3,"-(women, THREATENED_WITH, voice messages)(relevance: 0.4876921772956848)
-(women, STEREOTYPED_AS, writing messages on bodies)(relevance: 0.47971779108047485)
-(woman, FRAMED_AS_INFERIOR, easily gets another man to simp for her)(relevance: 0.4751124680042267)","This post falls under ""4. prejudiced discussions"" because it perpetuates a harmful double standard based on gender, implying men are inherently more suspect or criminal in their communication. The phrase ""there's criminal charges"" when a man sends ""that text"" (referring to an unspecified action) to a woman, contrasts with the positive framing of a woman doing the same (""brave, strong, independent""), highlighting a prejudiced view of male intent. While the provided knowledge graph doesn't directly map to the specific act of sending a text, it illustrates similar patterns of stereotyping women and framing them as victims or in specific, often negative, roles that could be amplified by such a prejudiced discussion.",1,3,3
sexism2022_english-19155,That racist cunt would be in Africa eating mud pies and nursing her 8th child from the 8th man who raped her if it werent for our White Culture and assistance to these ungrateful negros,2. derogation,3,"-(black bitches, EXPRESSED_ANIMOSITY_TOWARDS, race of woman)(relevance: 0.5305619239807129)
-(white women, STEREOTYPED_AS, dopey cunt)(relevance: 0.4948285222053528)
-(her, STEREOTYPED_AS, cunt)(relevance: 0.4828411936759949)","This post is classified as ""2. derogation"" because it uses extremely offensive and dehumanizing language to insult and demean a specific group of people. The use of terms like ""racist cunt"" and ""ungrateful negros"" directly aligns with the knowledge graph's identification of derogatory language directed towards women and racial groups, such as ""black bitches"" being associated with ""EXPRESSED_ANIMOSITY_TOWARDS"" their race. Furthermore, the post stereotypes the targeted individuals as being inherently inferior and dependent on ""White Culture,"" which is a hallmark of derogatory content.",3,3,3
sexism2022_english-146,That hug could turn into a false sexual assault or rape conviction down the road....this is damn good advice for men...never touch any girl or woman....let them wither on the vine from lack of attention.,4. prejudiced discussions,3,"-(daughter, EXPRESSED_ANIMOSITY_TOWARDS, hug)(relevance: 0.5418060421943665)
-(women, THREATENED_WITH, touch her boobs)(relevance: 0.4629696011543274)
-(men, EXPRESSED_ANIMOSITY_TOWARDS, sexual assault)(relevance: 0.43444859981536865)","The post exemplifies ""prejudiced discussions"" by framing interactions with women as inherently risky and advocating for complete avoidance. Phrases like ""false sexual assault or rape conviction"" and ""never touch any girl or woman"" promote a generalization that all male-female physical contact is a potential precursor to false accusations, reflecting animosity towards physical affection. This aligns with the knowledge graph's indication of ""women, THREATENED_WITH, touch her boobs,"" but escalates it to a broader, prejudicial stance against any physical interaction.",2,2,3
sexism2022_english-2940,Raising women and children is demeaning. Allowing strangers to fuck you at will and aborting their unborn children with no consequences of fatherhood is empowering. #feminismiscancer,4. prejudiced discussions,3,"-(feminism, FRAMED_AS_INFERIOR, promoting abortion of female foetus)(relevance: 0.7324796915054321)
-(empowered women, FRAMED_AS_INFERIOR, refuse to birth babies)(relevance: 0.6374016404151917)
-(feminism, FRAMED_AS_INFERIOR, radical notion)(relevance: 0.5984019041061401)","This post exemplifies ""4. prejudiced discussions"" by framing feminism as inherently harmful and negative, aligning with the knowledge graph relation that feminism is ""FRAMED_AS_INFERIOR"" as a ""radical notion."" The phrases ""feminismiscancer"" and the accusation of empowering women through ""allowing strangers to fuck you at will and aborting their unborn children with no consequences of fatherhood"" directly attack feminist ideals and women's reproductive choices, portraying them as destructive and morally reprehensible. This prejudiced framing, reinforced by the knowledge graph's depiction of feminism being associated with negative actions like ""promoting abortion of female foetus"" and empowered women being depicted as ""refuse to birth babies,"" solidifies its classification under this category.",3,3,3
sexism2022_english-5214,I think that the issue is she's bitching about others who make more when it was her own choices that made her earn less.,3. animosity,3,"-(the bitch, FRAMED_AS_INFERIOR, financially reward)(relevance: 0.5650638937950134)
-(oprah, EXPRESSED_ANIMOSITY_TOWARDS, bitch)(relevance: 0.5592237114906311)
-(women, EXPRESSED_ANIMOSITY_TOWARDS, maximizing profits)(relevance: 0.5426060557365417)","The post exemplifies ""animosity"" by expressing direct hostility and contempt towards an individual. The phrase ""she's bitching"" is a derogatory term that directly aligns with the knowledge graph relation of ""(oprah, EXPRESSED_ANIMOSITY_TOWARDS, bitch)"". Furthermore, the sentiment implies that the subject's complaints are baseless and a result of her own perceived failings, framing her as inferior in a financial context, similar to ""(the bitch, FRAMED_AS_INFERIOR, financially reward)"".",2,2,2
sexism2022_english-8926,F - FACE: Has it fallen on one side? A - ARMS: Can they raise them? S - SPEECH: Is it slurred? T - TIME... to get her knickers down. The rohypnol has kicked in.,"1. threats, plans to harm and incitement",3,"-(women, THREATENED_WITH, series of slaps to the cheek)(relevance: 0.43877658247947693)
-(her face, THREATENED_WITH, dick slap)(relevance: 0.43416035175323486)
-(skank, THREATENED_WITH, kick her a few new holes in her ass)(relevance: 0.433063268661499)","The post is classified under ""threats, plans to harm and incitement"" due to the explicit mention of ""rohypnol has kicked in"" and the sexual innuendo ""time... to get her knickers down."" This directly implies a plan to incapacitate and sexually assault a woman, aligning with the spirit of harmful threats as seen in relations like ""(her face, THREATENED_WITH, dick slap)"" which indicate the intent to inflict harm and non-consensual acts.",3,3,3
sexism2022_english-17780,I just bought a smart car. It doesn't turn on when the wife is in the driving seat.,3. animosity,2,"-(women, EXPRESSED_ANIMOSITY_TOWARDS, less smart ones)(relevance: 0.3433997631072998)
-(smart women, EXPRESSED_ANIMOSITY_TOWARDS, weak men)(relevance: 0.33504462242126465)","The post exhibits animosity by implying that women are inherently less capable drivers, specifically that a ""smart car"" malfunctions solely due to the wife's presence. This aligns with the knowledge graph relation ""women, EXPRESSED_ANIMOSITY_TOWARDS, less smart ones,"" as the post humorously suggests women's presence somehow incapacitates a ""smart"" object, implicitly labeling them as less intelligent or competent in this context. The phrase ""doesn't turn on when the wife is in the driving seat"" is the specific element that conveys this disparaging sentiment.",1,1,2
sexism2022_english-17,"No. First my mom became a whore after dad left and was a huge bitch! Oh god, why won't she love me?!",2. derogation,3,"-(mom, STEREOTYPED_AS, whore)(relevance: 0.570661187171936)
-(your mom, STEREOTYPED_AS, filthy whore)(relevance: 0.5400377511978149)
-(mum, STEREOTYPED_AS, whore)(relevance: 0.511693000793457)","The post is classified under ""derogation"" because it uses highly offensive and demeaning language to describe a woman. Specifically, the phrase ""my mom became a whore"" directly aligns with the knowledge graph relations that identify ""whore"" as a derogatory stereotype applied to mothers. The term ""huge bitch"" further reinforces this derogation by using another insult typically associated with negative gendered stereotypes.",3,3,3
sexism2022_english-1869,Success = gril lets you piss on her Women love by being a pickmeisha. Men love by remembering her birthday.,3. animosity,3,"-(women, EXPRESSED_ANIMOSITY_TOWARDS, less successful)(relevance: 0.4427715539932251)
-(women, STEREOTYPED_AS, picky)(relevance: 0.4417267441749573)
-(women, FRAMED_AS_INFERIOR, success)(relevance: 0.43634364008903503)","The post exhibits animosity by framing women as ""pickmeisha"" and suggesting their love is conditional and transactional (""gril lets you piss on her""). This aligns with the knowledge graph's identification of ""women, STEREOTYPED_AS, picky,"" and ""women, FRAMED_AS_INFERIOR, success"" by contrasting superficial acts of affection with genuine success. The derogatory framing and implied lack of genuine affection demonstrate hostility towards women.",2,2,2
sexism2022_english-3392,"Just have 0% body fat & dehydrated bro. Ricels not gauntmaxxing = volcel. holding ghoul frame theory's legit. I try contribute I'm no incel or got a pussy, sorry but rather me sorry than you sorry lads x",3. animosity,3,"-(mangina, FRAMED_AS_INFERIOR, has a screw loose)(relevance: 0.3522987365722656)
-(you, STEREOTYPED_AS, ugly fat bindi whore)(relevance: 0.34512874484062195)
-(you, EXPRESSED_ANIMOSITY_TOWARDS, daft fat cunt)(relevance: 0.3203895092010498)","The post exhibits animosity through aggressive and derogatory language directed at ""you"" and implicitly at those perceived as ""ricels"" or ""volcels."" Phrases like ""daft fat cunt"" (similar to the knowledge graph relation ""you, EXPRESSED_ANIMOSITY_TOWARDS, daft fat cunt"") and the overall dismissive tone suggest a hostile attitude rather than a neutral observation. The exclusion of ""incel or got a pussy"" further reinforces an antagonistic stance by creating an ""us vs. them"" dynamic.",1,1,1
sexism2022_english-6934,This whore deserves to be shot to death. Women have no control. I hope someone shoots her to death in jail before she goes to trial. UK has the most fucked up feminist society.,"1. threats, plans to harm and incitement",3,"-(women, THREATENED_WITH, public execution)(relevance: 0.6034752130508423)
-(women, THREATENED_WITH, rape and murder)(relevance: 0.592445969581604)
-(women, THREATENED_WITH, capital punishment)(relevance: 0.5886154770851135)","The post clearly falls under ""1. threats, plans to harm and incitement"" due to direct calls for violence. Phrases like ""deserves to be shot to death"" and ""I hope someone shoots her to death"" explicitly express a desire for fatal harm, aligning with the knowledge graph relations of women being threatened with public execution and capital punishment. The sentiment of wishing harm upon an individual directly constitutes a threat.",3,3,3
sexism2022_english-8739,"""...and kill their women and then get away with it scoff-free because sanctuary cities will treat us like first-class citizens in need of special protection from the big bad evil Cheeto Hitler DRUMPFFFFF.""","1. threats, plans to harm and incitement",3,"-(mayoress, FRAMED_AS_INFERIOR, sheltering criminals)(relevance: 0.4411253333091736)
-(femi nazi, FRAMED_AS_INFERIOR, anti freedom)(relevance: 0.3772205710411072)
-(""commie race traitor bitch"", THREATENED_WITH, ""fucked to death"")(relevance: 0.3676115572452545)","The post explicitly uses the phrase ""and kill their women"" which directly denotes a threat of violence and harm. While the knowledge graph doesn't contain an exact match for this phrase, the relation ""THREATENED_WITH, 'fucked to death'"" indicates a pattern of violent language being categorized under this sexism type. The subsequent mention of ""sanctuary cities will treat us like first-class citizens"" coupled with the derogatory term ""DRUMPFFFFF"" could be interpreted as inciting a negative sentiment that could lead to harmful actions, though the direct threat is the primary driver for classification.",1,2,2
sexism2022_english-19443,Can't hit girls though......but.... a c@#t punt might be an idea..,"1. threats, plans to harm and incitement",3,"-(women, THREATENED_WITH, cunt punt)(relevance: 0.5142819285392761)
-(women, THREATENED_WITH, kick in the balls)(relevance: 0.42115268111228943)
-(women, THREATENED_WITH, hit today)(relevance: 0.3792409896850586)","The post is classified under ""1. threats, plans to harm and incitement"" due to the phrase ""a c@#t punt"". This phrase directly aligns with the knowledge graph relation (women, THREATENED_WITH, cunt punt), indicating a threat of physical harm. The preceding ""Can't hit girls though......but...."" further contextualizes this as an expression of violent intent towards women, even while acknowledging a perceived limitation.",3,3,3
sexism2022_english-6741,Out of boredom I decided to read quite a few of the posts from cheeky monkey. My wife and I can't decide whether it's 1. A teenage girl or 2. Just a cunt I know it's possible to be both but I'm guessing it's 1 and my wife says 2.,3. animosity,3,"-(ugly girl, EXPRESSED_ANIMOSITY_TOWARDS, monkey)(relevance: 0.4423854351043701)
-(women, EXPRESSED_ANIMOSITY_TOWARDS, monkey-branching)(relevance: 0.4338633120059967)
-(girls, STEREOTYPED_AS, cunts)(relevance: 0.41938966512680054)","The post exhibits ""animosity"" through the use of derogatory terms like ""cunt"" to describe the target of the post. This aligns with the knowledge graph relation ""(girls, STEREOTYPED_AS, cunts)"", indicating a pattern of animosity towards young women using such insults. The phrase ""just a cunt"" directly expresses contempt and hostility, fitting the definition of animosity.",3,3,3
sexism2022_english-16578,"Well I never said that the girls are goody goody church choir girls, but they aren't your typical slut. They are open to hooking up but not to just anyone... ya know, ""normal"" girls hahaha I'm in HS btw so that plays a part.",2. derogation,3,"-(catholic girls, STEREOTYPED_AS, sluts)(relevance: 0.5836268663406372)
-(christian girls, STEREOTYPED_AS, sluts)(relevance: 0.559252142906189)
-(religious girls, STEREOTYPED_AS, slut)(relevance: 0.5502234697341919)","This post is classified under ""derogation"" because it employs disparaging stereotypes about young women's sexual behavior. The phrase ""they aren't your typical slut"" directly invokes and contrasts with the derogatory stereotype that religious girls (as seen in the knowledge graph context: ""religious girls, STEREOTYPED_AS, slut"") are promiscuous, thus derogating them by implying a potentially negative sexual reputation. The subsequent qualification that they ""are open to hooking up but not to just anyone"" further reinforces this by categorizing them within a spectrum of sexual availability that still hints at negative judgment.",2,3,3
sexism2022_english-4193,"They have no problem shouting us down over ""not understanding the female experience,"" yet they have no issue telling us precisely what we need. The world has gone topsy fucking turvy.",4. prejudiced discussions,3,"-(women, FRAMED_AS_INFERIOR, not understanding men's needs)(relevance: 0.6111876964569092)
-(women, FRAMED_AS_INFERIOR, understanding struggles)(relevance: 0.5997399687767029)
-(women, FRAMED_AS_INFERIOR, incapable of meaningful conversation)(relevance: 0.5791969895362854)","The post exhibits prejudiced discussion by framing ""women"" as hypocritical and manipulative. The phrase ""not understanding the female experience"" is weaponized to dismiss counterarguments, while simultaneously claiming ""they have no issue telling us precisely what we need,"" implying women are unreasonable and demanding. This aligns with the knowledge graph's depiction of women being framed as inferior in their understanding and their communication being dismissed.",3,3,3
sexism2022_english-14830,you seem concerned.....she started flirting with a guy right in front of him. she deserved to be kicked off a cliff. You should try that sometime. It's hilarious. I'm sure the next white knight gave her a ride without a blink.,"1. threats, plans to harm and incitement",3,"-(her, THREATENED_WITH, a cross)(relevance: 0.5016250014305115)
-(her, THREATENED_WITH, public hanging)(relevance: 0.48260846734046936)
-(her, THREATENED_WITH, somebody kills)(relevance: 0.4678371846675873)","The post clearly falls under ""threats, plans to harm and incitement"" due to the direct suggestion of violence against the woman. The phrase ""she deserved to be kicked off a cliff"" is a direct threat of harm, aligning with the knowledge graph's identification of ""somebody kills"" as a relevant threat. Furthermore, the incitement is present in the phrase ""You should try that sometime,"" encouraging the recipient to enact similar violent actions.",3,3,3
sexism2022_english-1296,Somebody be guilt trippin' and projecting at the same time. It's women's fault he's a bitter asshole!,2. derogation,3,"-(women, FRAMED_AS_INFERIOR, blame men)(relevance: 0.5625787973403931)
-(women, STEREOTYPED_AS, bitter and alone)(relevance: 0.5607402324676514)
-(women, STEREOTYPED_AS, angry and bitter)(relevance: 0.553074300289154)","This post exemplifies ""derogation"" by framing ""women"" as inherently ""bitter"" and assigning them blame, aligning with the knowledge graph's identification of ""women, FRAMED_AS_INFERIOR, blame men"" and ""women, STEREOTYPED_AS, bitter and alone"". Phrases like ""guilt trippin'"", ""projecting"", and calling the subject a ""bitter asshole"" are used to derogatorily characterize both women and the man, suggesting a negative emotional state and assigning blame, thus demeaning both parties.",3,3,3
sexism2022_english-6107,The kikes must be destroyed & women kept the fuck out of politics. 2 very hard to achieve but absolutely necessary things.,4. prejudiced discussions,3,"-(feminism, EXPRESSED_ANIMOSITY_TOWARDS, filthy kike feminism)(relevance: 0.6214969158172607)
-(pussy whites, EXPRESSED_ANIMOSITY_TOWARDS, kikes)(relevance: 0.5670803189277649)
-(women, FRAMED_AS_INFERIOR, incapable of managing nuclear power)(relevance: 0.5155628323554993)","The post falls under ""4. prejudiced discussions"" due to its explicit hate speech and discriminatory statements. The phrase ""The kikes must be destroyed"" clearly aligns with the knowledge graph's relation of ""EXPRESSED_ANIMOSITY_TOWARDS"" towards ""kikes,"" indicating prejudiced discourse. Similarly, ""women kept the fuck out of politics"" demonstrates prejudice by suggesting women are unfit for political roles, echoing the sentiment of ""women, FRAMED_AS_INFERIOR.""",2,2,1
sexism2022_english-16193,"And you can bet money on it, she will receive no prison time as a punishment for her fake rape allegation. Judge will say she as ""mental issues"" and she needs help.",4. prejudiced discussions,3,"-(this woman, THREATENED_WITH, rape)(relevance: 0.6152119636535645)
-(ex-girlfriend, ASSIGNED_TO_ROLE, false rape claim)(relevance: 0.6024074554443359)
-(ex wife, IDEOLOGICALLY_DISCREDITED, claim of rape)(relevance: 0.5786441564559937)","This post falls under ""4. prejudiced discussions"" because it expresses a prejudiced belief that women make ""fake rape allegations"" and are treated leniently by the justice system. The phrases ""fake rape allegation"" directly align with the knowledge graph relations like ""(ex-girlfriend, ASSIGNED_TO_ROLE, false rape claim)"", demonstrating a pre-existing bias against such claims. The prediction that the judge will cite ""mental issues"" further reinforces this prejudiced narrative, implying a dismissive and biased approach towards victims of sexual assault.",3,3,3
sexism2022_english-2738,It is highly unlikely that female on male rape will ever be taken seriously. It's Bunker Hill.,4. prejudiced discussions,3,"-(females, FRAMED_AS_INFERIOR, potential rapists)(relevance: 0.5578144192695618)
-(female, ASSIGNED_TO_ROLE, rape)(relevance: 0.553834855556488)
-(women, IDEOLOGICALLY_DISCREDITED, using rape for social climbing)(relevance: 0.551386296749115)","This post exemplifies prejudiced discussions by framing ""female on male rape"" as inherently unbelievable and dismissed. The phrase ""It's Bunker Hill"" dismisses the severity of the topic, akin to the historical battle where a decisive defeat was assumed. This aligns with the knowledge graph's identification of females being ""FRAMED_AS_INFERIOR"" and potentially ""ASSIGNED_TO_ROLE, rape,"" suggesting a prejudiced view that diminishes the possibility or seriousness of such an event when perpetrated by women.",1,3,2
sexism2022_english-4494,"wymyn shouldn't be allowed to vote, let alone hold political office or be on SCOTUS",4. prejudiced discussions,3,"-(women, ASSIGNED_TO_ROLE, not allowed to vote)(relevance: 0.46184444427490234)
-(women, ASSIGNED_TO_ROLE, having the vote)(relevance: 0.414983868598938)
-(women, ASSIGNED_TO_ROLE, not allowed in politics)(relevance: 0.40846675634384155)","The post explicitly states that ""wymyn shouldn't be allowed to vote,"" directly aligning with the knowledge graph relation ""(women, ASSIGNED_TO_ROLE, not allowed to vote)"". Furthermore, the exclusion from ""political office or be on SCOTUS"" echoes the concept of ""(women, ASSIGNED_TO_ROLE, not allowed in politics)"". These phrases demonstrate prejudiced assumptions about women's capabilities and their right to participate in public life, making it a clear example of prejudiced discussion.",3,3,3
sexism2022_english-6795,Don't run away like a little [jewish] girl.,3. animosity,3,"-(jewish women, STEREOTYPED_AS, disgusting)(relevance: 0.5489878058433533)
-(jewish women, STEREOTYPED_AS, opportunistic non-white status claimants)(relevance: 0.531863808631897)
-(jewish democrat, STEREOTYPED_AS, dumbest things on the planet)(relevance: 0.4946260154247284)","The post expresses animosity by associating cowardice with Jewish women, implying they are inherently fearful and untrustworthy. This aligns with the knowledge graph's identification of negative stereotypes like ""disgusting"" and ""opportunistic non-white status claimants"" applied to Jewish women, contributing to the hateful and contemptuous sentiment categorized as animosity. The phrase ""like a little [jewish] girl"" directly weaponizes this prejudiced stereotype to insult and demean.",1,1,2
sexism2022_english-17052,I cope with it like I'm imagining punching her in the face.,"1. threats, plans to harm and incitement",3,"-(her face, THREATENED_WITH, dick slap)(relevance: 0.5090436339378357)
-(bitch, THREATENED_WITH, punch)(relevance: 0.4900338053703308)
-(her, THREATENED_WITH, whipping until eyes are swollen shut)(relevance: 0.47268033027648926)","The post ""I cope with it like I'm imagining punching her in the face"" is classified under ""1. threats, plans to harm and incitement"" because the phrase ""punching her in the face"" directly indicates a plan to inflict physical harm. This aligns with the knowledge graph context showing similar posts where targets are ""THREATENED_WITH, punch,"" suggesting a pattern of violent intent expressed through imagined or explicit actions.",3,3,3
sexism2022_english-4921,"perform FGM on the two doctors female family members, see how they like it. Old Time Tribal Brutality #ShariaLaw","1. threats, plans to harm and incitement",3,"-(women, ASSIGNED_TO_ROLE, feminazi bullshit)(relevance: 0.4162447452545166)
-(feminist doctor, STEREOTYPED_AS, killing patients)(relevance: 0.3970748782157898)
-(white women, FRAMED_AS_INFERIOR, need for #whitesharia)(relevance: 0.3720337748527527)","The post explicitly advocates for performing Female Genital Mutilation (FGM) on specific individuals (""perform FGM on the two doctors female family members""), directly constituting a threat and plan to harm. The phrase ""Old Time Tribal Brutality"" and the hashtag ""#ShariaLaw"" invoke harmful cultural practices often associated with violence against women, aligning with the general theme of women being subjected to brutal treatment as seen in the provided knowledge graph (e.g., ""white women, FRAMED_AS_INFERIOR"").",1,2,2
sexism2022_english-15575,Meh- women in 2018 are pure cancer. Don't even touch them with a 12 foot barge pole.,2. derogation,3,"-(feminism, FRAMED_AS_INFERIOR, cancer)(relevance: 0.5047659873962402)
-(feminists, IDEOLOGICALLY_DISCREDITED, cancer)(relevance: 0.48807239532470703)
-(female, FRAMED_AS_INFERIOR, medical treatments not funded)(relevance: 0.4516051709651947)","This post is classified under ""2. derogation"" because it uses highly negative and dehumanizing language to express contempt for women. The phrase ""pure cancer"" directly aligns with the knowledge graph relations like ""(feminism, FRAMED_AS_INFERIOR, cancer)"" and ""(feminists, IDEOLOGICALLY_DISCREDITED, cancer),"" suggesting women are framed as something harmful and undesirable. The subsequent advice to ""Don't even touch them with a 12 foot barge pole"" further reinforces this derogatory sentiment by implying extreme revulsion and a desire for complete separation.",2,3,2
sexism2022_english-18709,I'm so sick of women hitting the wall. I'm getting a sex doll. They never do.,2. derogation,3,"-(women, STEREOTYPED_AS, hit the wall)(relevance: 0.6589190363883972)
-(women, FRAMED_AS_INFERIOR, hit her wall)(relevance: 0.5890237092971802)
-(women, STEREOTYPED_AS, post wall)(relevance: 0.5714656114578247)","The post is classified as ""derogation"" because it expresses contempt and belittlement towards women. The phrase ""women hitting the wall"" directly leverages the stereotype that women experience a decline in attractiveness or desirability with age, as indicated by the knowledge graph relation (women, STEREOTYPED_AS, hit the wall). By contrasting this perceived negative trait of women with the supposed perfection of a sex doll, the post implicitly devalues women and reduces them to a physical state.",3,3,3
sexism2022_english-19869,"CRAZY BIMBO IS BACK! White Uncle Tom: Rachel Dolezal says she's ""Trans-Black."" Ugh, this dumb bitch! I thought society was through with her! [URL]",2. derogation,3,"-(white women, STEREOTYPED_AS, crazy)(relevance: 0.5420348644256592)
-(white woman, STEREOTYPED_AS, stupid)(relevance: 0.5207587480545044)
-(white female, STEREOTYPED_AS, white race's greatest enemy)(relevance: 0.5038594007492065)","This post is classified under ""derogation"" because it uses offensive and demeaning language to attack the individual. Phrases like ""CRAZY BIMBO"" and ""dumb bitch"" directly insult the person's intelligence and character, aligning with the knowledge graph's associations of ""crazy"" and ""stupid"" with white women. The overall tone is one of contempt and dismissal, aiming to belittle the subject.",3,3,3
sexism2022_english-10304,People have no problems with a female lead. They got problems with them shoving down bullshit PC/SJW down their throats. Disney already ruined Star Wars Marvel is just next on the list.,4. prejudiced discussions,3,"-(women, FRAMED_AS_INFERIOR, lead us on)(relevance: 0.5055814981460571)
-(strong characters, ASSIGNED_TO_ROLE, women)(relevance: 0.4866083562374115)
-(women, FRAMED_AS_INFERIOR, leading shows poorly)(relevance: 0.4786792993545532)","This post exemplifies ""prejudiced discussions"" by framing female leads negatively, aligning with the relation ""(women, FRAMED_AS_INFERIOR, leading shows poorly)"". Phrases like ""shoving down bullshit PC/SJW"" and ""Disney already ruined Star Wars"" suggest a prejudiced view that female-led content is inherently problematic and associated with undesirable agendas, rather than being judged on its own merits.",3,3,3
sexism2022_english-11886,You've seduced a girl before right? Just do the same thing with her without the kissing. Pull ya dick out and make er suck for god sakes,"1. threats, plans to harm and incitement",3,"-(women, THREATENED_WITH, kiss)(relevance: 0.47009944915771484)
-(girls, EXPRESSED_ANIMOSITY_TOWARDS, finding a pussy to bang)(relevance: 0.41534072160720825)
-(16 y/o girls, STEREOTYPED_AS, cock-ready)(relevance: 0.4153017997741699)","This post falls under ""1. threats, plans to harm and incitement"" because it explicitly details a plan of sexual assault. The phrase ""Pull ya dick out and make er suck"" directly describes a coercive sexual act, which constitutes incitement to harm. While not a direct threat of physical violence, the instruction to force someone into oral sex implies a disregard for consent and a plan to commit sexual assault, aligning with the category's focus on inciting harmful actions.",1,3,3
sexism2022_english-4370,Should have let her get hit. Stupid guy.,"1. threats, plans to harm and incitement",3,"-(woman, THREATENED_WITH, being hit)(relevance: 0.5816036462783813)
-(wife, THREATENED_WITH, being hit)(relevance: 0.5774402022361755)
-(women, THREATENED_WITH, being hit)(relevance: 0.5668132305145264)","The post ""Should have let her get hit. Stupid guy."" is classified under ""1. threats, plans to harm and incitement"" due to the explicit sentiment that harm should have occurred. The phrase ""let her get hit"" directly implies a wish for physical violence, aligning with the knowledge graph's observation that women are ""THREATENED_WITH being hit"" in similar sexist contexts. While not a direct threat by the poster, it expresses a desire for harm, fitting the category's scope.",3,3,3
sexism2022_english-10231,"When a girl gives you shit test, scare the shit out of her.","1. threats, plans to harm and incitement",3,"-(girls, EXPRESSED_ANIMOSITY_TOWARDS, shit test)(relevance: 0.7293407917022705)
-(women, EXPRESSED_ANIMOSITY_TOWARDS, shit test)(relevance: 0.6657418012619019)
-(hotter girls, EXPRESSED_ANIMOSITY_TOWARDS, shit test more)(relevance: 0.6365695595741272)","The post is classified under ""threats, plans to harm and incitement"" because it explicitly advocates for harmful action. The phrase ""scare the shit out of her"" is a direct threat of psychological harm. This is reinforced by the knowledge graph context, which shows a strong association between ""girls"" and ""shit test"" with ""expressed animosity,"" suggesting that the post is inciting a hostile reaction to perceived ""shit tests"" from girls.",1,3,3
sexism2022_english-7803,Step on her head and shoot her! That is the only way to rid society of these creeps.,"1. threats, plans to harm and incitement",3,"-(her, THREATENED_WITH, gun)(relevance: 0.4846850633621216)
-(her, THREATENED_WITH, somebody kills)(relevance: 0.4755929410457611)
-(her ass, THREATENED_WITH, gunned down in the streets)(relevance: 0.46347159147262573)","The post clearly falls under ""1. threats, plans to harm and incitement"" due to its explicit calls for violence. Phrases like ""Step on her head and shoot her!"" directly communicate a plan to inflict harm, aligning with relations like ""her, THREATENED_WITH, gun"" and ""her, THREATENED_WITH, somebody kills"" from the knowledge graph. The directive nature of the language, particularly ""That is the only way to rid society of these creeps,"" further solidifies its classification as incitement to harm.",3,3,3
sexism2022_english-12260,How does one learn how to choke a women? I assume there is an art to it? Is it that you're depriving blood to the brain more so than choking the windpipe?,"1. threats, plans to harm and incitement",3,"-(women, THREATENED_WITH, choke)(relevance: 0.6558550596237183)
-(women, THREATENED_WITH, choking)(relevance: 0.5724847912788391)
-(women, THREATENED_WITH, choke-slam)(relevance: 0.5370117425918579)","The post explicitly asks ""How does one learn how to choke a women?"", which directly aligns with the knowledge graph relations indicating that women are ""THREATENED_WITH choke"" and ""THREATENED_WITH choking"". The detailed, almost instructional nature of the question, focusing on the mechanics of choking, strongly suggests an intent to learn how to inflict harm, thus falling under the ""threats, plans to harm"" category.",3,3,3
sexism2022_english-17974,This website needs stronger digital technology... shit takes way too long to post and view... need more RAM bitches!,3. animosity,1,"-(women, EXPRESSED_ANIMOSITY_TOWARDS, bitching on the internet)(relevance: 0.302348256111145)","The post is classified under ""3. animosity"" primarily due to the use of the derogatory term ""bitches."" This aligns with the knowledge graph's understanding of ""bitching on the internet"" as a form of expressed animosity directed towards others, often associated with women. The aggressive and dismissive tone of the post, amplified by this insult, clearly demonstrates animosity.",1,1,1
sexism2022_english-8218,Trump is Bibi's bitch-boi! White Helmets Plotting False Flag Chemical Attack in Southern Syria – Sources [URL] #syria #bibisbitch,3. animosity,3,"-(the benghazi whore, THREATENED_WITH, strung up by her worthless neck)(relevance: 0.3598049581050873)
-(jimbo, EXPRESSED_ANIMOSITY_TOWARDS, bimbo)(relevance: 0.3558734059333801)
-(liberal feminist sjw, STEREOTYPED_AS, wearing burka)(relevance: 0.3460187315940857)","The post exhibits animosity through the derogatory and demeaning phrase ""Bibi's bitch-boi,"" which reduces a political figure to a subservient and objectified role, mirroring the animosity found in relations like ""jimbo, EXPRESSED_ANIMOSITY_TOWARDS, bimbo."" The aggressive and contemptuous tone, particularly in the hashtag ""#bibisbitch,"" directly conveys hostility and disdain towards the subject.",1,1,1
sexism2022_english-11638,How do you make Lady Gaga scream? Bite her clit off.,"1. threats, plans to harm and incitement",3,"-(ms marvel doll, EXPRESSED_ANIMOSITY_TOWARDS, clit chopped off)(relevance: 0.44001615047454834)
-(virgin woman, STEREOTYPED_AS, needs to moan a little)(relevance: 0.42267000675201416)
-(rednecks, EXPRESSED_ANIMOSITY_TOWARDS, man clits)(relevance: 0.417545884847641)","The post directly describes a violent act of mutilation (""Bite her clit off"") directed at a specific individual, Lady Gaga. This falls under ""threats, plans to harm and incitement"" because it explicitly outlines a plan to inflict severe physical harm. While not a direct match in the provided knowledge graph, the relation ""ms marvel doll, EXPRESSED_ANIMOSITY_TOWARDS, clit chopped off"" demonstrates a similar pattern of aggressive, violent language directed at a female figure, reinforcing the classification of the Lady Gaga post as a threat.",1,3,2
sexism2022_english-595,That black whore won't cook she will see it as beneath her no doubt.,2. derogation,3,"-(woman, FRAMED_AS_INFERIOR, can cook)(relevance: 0.5620608329772949)
-(she, STEREOTYPED_AS, whore)(relevance: 0.5181540846824646)
-(white women, STEREOTYPED_AS, dishonorable whores)(relevance: 0.5148245096206665)","The post is classified under ""derogation"" because it expresses contempt and disrespect towards the individual. The phrase ""black whore"" directly employs a derogatory term, linking it to racial and sexual slurs. This aligns with the knowledge graph's identification of ""whore"" as a stereotype used for women, and similar to how ""white women"" can be stereotyped as ""dishonorable whores,"" this post uses the slur to demean the target, implying inferiority.",2,3,3
sexism2022_english-2732,"fuck. single. mothers. (but don’t actually fuck them, or youll get trapped for 18 years)",2. derogation,3,"-(single mothers, STEREOTYPED_AS, bitches)(relevance: 0.5998761057853699)
-(single moms, FRAMED_AS_INFERIOR, stay away from)(relevance: 0.5930849313735962)
-(single mothers, FRAMED_AS_INFERIOR, worthless)(relevance: 0.5835897326469421)","This post exemplifies ""2. derogation"" by framing single mothers as a group to be avoided due to negative consequences. The phrase ""trapped for 18 years"" directly implies a burdensome and undesirable situation associated with them, echoing the sentiment of single mothers being framed as inferior or a group to ""stay away from"" (relevance: 0.5930849313735962). The aggressive opening ""fuck. single. mothers."" also serves as a direct expression of contempt, contributing to their derogation.",3,3,3
sexism2022_english-194,"Clearly I meant both. I'd rather regularly fuck a 7 that's fun to chill with than a 9 that makes me question reality and stresses me tf out. That's why the quote goes ""For every hot chick out there, there's a dude who's tired of fucking her.""",2. derogation,3,"-(hottest girl in office, FRAMED_AS_INFERIOR, 10 by comparison)(relevance: 0.4446404278278351)
-(women, EXPRESSED_ANIMOSITY_TOWARDS, hb8.5 rating)(relevance: 0.43929237127304077)
-(bitches, STEREOTYPED_AS, having 4 or 6 fingers)(relevance: 0.41731348633766174)","The post exemplifies ""derogation"" by demeaning women. Phrases like ""7 that's fun to chill with than a 9 that makes me question reality and stresses me tf out"" and the quote ""For every hot chick out there, there's a dude who's tired of fucking her"" suggest women are objects of sexual satisfaction and a source of stress, aligning with the knowledge graph's patterns of women being ""EXPRESSED_ANIMOSITY_TOWARDS"" or being ""FRAMED_AS_INFERIOR"" in value compared to men. This language reduces women to their perceived sexual utility and emotional burden.",1,3,3
sexism2022_english-10028,Feminism is bad for women. More research on why it hurt families and women. [URL] #GabFam #feminsim,4. prejudiced discussions,3,"-(feminism, FRAMED_AS_INFERIOR, caused negative outcomes)(relevance: 0.6189334988594055)
-(women, STEREOTYPED_AS, infected by #feminism)(relevance: 0.6065980195999146)
-(feminists, FRAMED_AS_INFERIOR, trying to annihilate male sex)(relevance: 0.5949298143386841)","This post is classified under ""4. prejudiced discussions"" because it frames feminism as harmful and having negative consequences for women and families, aligning with the knowledge graph relation ""(feminism, FRAMED_AS_INFERIOR, caused negative outcomes)"". The phrases ""Feminism is bad for women"" and ""hurt families and women"" directly express this prejudiced viewpoint, suggesting a harmful impact without evidence, thereby promoting a biased narrative.",3,3,3
sexism2022_english-17442,"I’m like seeing 2 girls right now, thinking of maybe adding another 1 or 2. No I’m not trolling, it’s doable, I need to make sure “they” are not needy haha",3. animosity,3,"-(chicks, STEREOTYPED_AS, not down for a threesome)(relevance: 0.4418123960494995)
-(chick, STEREOTYPED_AS, asking too many questions)(relevance: 0.3834269046783447)
-(women, EXPRESSED_ANIMOSITY_TOWARDS, needy behavior)(relevance: 0.35891544818878174)","The post exhibits animosity by stereotyping women as potentially ""needy."" The phrase ""make sure 'they' are not needy haha"" directly reflects the knowledge graph relation of ""women, EXPRESSED_ANIMOSITY_TOWARDS, needy behavior."" This suggests a negative sentiment or aversion towards a perceived characteristic often attributed to women, aligning with the ""animosity"" category.",1,2,1
sexism2022_english-1914,"Awww, c'mon. Just be a woman about it and slap an emoticon on there. Bitches love emoticons.",3. animosity,3,"-(""this bitch"", EXPRESSED_ANIMOSITY_TOWARDS, ""women"")(relevance: 0.47506916522979736)
-(women, EXPRESSED_ANIMOSITY_TOWARDS, bitches)(relevance: 0.4673933982849121)
-(bitch, STEREOTYPED_AS, woman)(relevance: 0.4625488817691803)","The post exemplifies ""3. animosity"" due to the derogatory use of the term ""bitches,"" which, according to the knowledge graph (""bitch, STEREOTYPED_AS, woman""), is clearly a slur directed at women. This usage, combined with the dismissive and belittling tone implied by ""just be a woman about it,"" strongly suggests animosity towards women.",2,2,3
sexism2022_english-6980,"Yeah mate , in my 3+ years working in IT i have learned almost all the older ladies that work in this line have an agenda of their own and they seem to target/bully the weakest person in this office just to feel better about themself",2. derogation,3,"-(older women, FRAMED_AS_INFERIOR, trivialized actions)(relevance: 0.5551312565803528)
-(female employees, STEREOTYPED_AS, prying)(relevance: 0.5505008101463318)
-(women, FRAMED_AS_INFERIOR, quota hire)(relevance: 0.5401859283447266)","This post exemplifies ""derogation"" by framing ""older ladies"" in IT as having a malicious ""agenda"" and intentionally ""target[ing]/bully[ing]"" others to ""feel better about themself."" This aligns with the knowledge graph concept of ""(older women, FRAMED_AS_INFERIOR, trivialized actions),"" suggesting a portrayal of their actions as petty and self-serving, thus diminishing their professional standing. The generalization and negative characterization of an entire group based on age and gender contribute to its derogation.",3,2,3
sexism2022_english-2862,Amy Schumer complaining about two black male comics being paid more than her from Netflix???? Check your white privilege bitch! [URL],3. animosity,3,"-(white women, STEREOTYPED_AS, 10/10 movie actresses)(relevance: 0.5179463624954224)
-(black women, ASSIGNED_TO_ROLE, female privilege)(relevance: 0.5153204202651978)
-(black bitches, EXPRESSED_ANIMOSITY_TOWARDS, race of woman)(relevance: 0.5088485479354858)","The post exhibits ""animosity"" through the use of offensive language directed at the target, specifically ""bitch."" This aligns with the knowledge graph relation `black bitches, EXPRESSED_ANIMOSITY_TOWARDS, race of woman`, suggesting a general pattern of animosity expressed towards women based on their race, which can be inferred to apply to the insult used here. The aggressive and demeaning tone further reinforces the classification of animosity.",1,2,2
sexism2022_english-18026,"aww look the fatty used the ""force unfollow"" ""i'm a little pussy"" button! what a fucking weak-willed little bitch! fattphreys is so dumb he thinks self-censorship is self-control. lol as if a fat knows what self-control is! [USER]",3. animosity,3,"-(dead fat commie slut, EXPRESSED_ANIMOSITY_TOWARDS, [user])(relevance: 0.5247784852981567)
-(fat women, STEREOTYPED_AS, untrustworthy)(relevance: 0.49428898096084595)
-(bitch, STEREOTYPED_AS, fat)(relevance: 0.4909650683403015)","This post exhibits animosity through direct insults and derogatory language like ""fatty,"" ""pussy,"" and ""bitch."" The knowledge graph supports this with relations such as ""(bitch, STEREOTYPED_AS, fat),"" indicating ""bitch"" is used in a context associated with fatness and negativity. The overall tone is aggressive and demeaning, expressing clear hostility towards the user.",1,1,2
sexism2022_english-19966,It's part of the gynocentric society's effort to abolish all standards for women.,4. prejudiced discussions,3,"-(society, IDEOLOGICALLY_DISCREDITED, gynocentric)(relevance: 0.6484161615371704)
-(most women, STEREOTYPED_AS, modifying the body for sex)(relevance: 0.55451899766922)
-(women, FRAMED_AS_INFERIOR, birth control)(relevance: 0.5434499979019165)","The post exemplifies ""4. prejudiced discussions"" due to its use of ""gynocentric society,"" which, according to the knowledge graph, is associated with IDEOLOGICALLY_DISCREDITED ideas about society. The phrase ""abolish all standards for women"" suggests a prejudiced belief that women are inherently incapable of upholding standards, or that any societal changes benefiting women are inherently detrimental and aimed at lowering standards. This aligns with the broader theme of prejudiced discussions by framing women and societal changes around them in a negative and conspiratorial light.",3,3,3
sexism2022_english-7362,"You know, boys, a nuclear reactor is a lot like a woman. You just have to read the manual and press the right buttons. ~Homer Simpson",2. derogation,3,"-(women, FRAMED_AS_INFERIOR, incapable of managing nuclear power)(relevance: 0.6256945133209229)
-(women engineers, FRAMED_AS_INFERIOR, use empowerment as excuse to be a slut)(relevance: 0.3706549406051636)
-(women, FRAMED_AS_INFERIOR, incapable of understanding physics)(relevance: 0.34306082129478455)","This post is an example of ""2. derogation"" because it frames women as inferior and incapable of complex tasks. The comparison of a nuclear reactor to a woman, suggesting one only needs to ""read the manual and press the right buttons,"" directly aligns with the knowledge graph relation that women are ""FRAMED_AS_INFERIOR, incapable of managing nuclear power"" and ""incapable of understanding physics."" The phrase ""press the right buttons"" implies a simplistic, almost passive, role for women, demeaning their intellect and capabilities.",1,1,1
